ジャンル,書名,著者名,出版社
コンピュータ・IT技術,Life with UNIX,Don Libes & Sandy Ressler,アスキー
コンピュータ・IT技術,プログラマの数学,結城浩,SBクリエイティブ
コンピュータ・IT技術,人月の神話【新装版】,フレデリック・P・ブルックス Jr.,ピアソン
コンピュータ・IT技術,ピープルウエア 第2版,トム・デマルコ,日経BP
コンピュータ・IT技術,初めてのアジャイル開発,クレイグ・ラーマン,日経BP
コンピュータ・IT技術,メディア論,M. マクルーハン,みすず書房
コンピュータ・IT技術,ハッカーと画家,ポール・グレアム,オーム社
コンピュータ・IT技術,プログラム書法 第2版,B.W. カーニハン / P.J. プローガー,共立出版
コンピュータ・IT技術,ソフトウェア職人気質,ピート・マクブリーン,ピアソン
コンピュータ・IT技術,オブジェクト指向に強くなる,青山幹雄,技術評論社
コンピュータ・IT技術,7つのデータベース 7つの世界,Eric Redmond 他,オーム社
コンピュータ・IT技術,7つの言語 7つの世界,Bruce A. Tate,オーム社
コンピュータ・IT技術,UNIXワークステーション,村井純 他,アスキー
コンピュータ・IT技術,ソフトウェア開発者採用ガイド,Joel Spolsky,翔泳社
コンピュータ・IT技術,ANSI Common Lisp,ポール・グレアム,ピアソン
コンピュータ・IT技術,On Lisp,ポール・グレアム,オーム社
コンピュータ・IT技術,構造化分析とシステム仕様,トム・デマルコ,日経BP
コンピュータ・IT技術,文芸的プログラミング,Donald E. Knuth,アスキー
コンピュータ・IT技術,計算機プログラムの構造と解釈 第2版,ジェラルド・ジェイ・サスマン 他,ピアソン
コンピュータ・IT技術,デザインパターン,エリック・ガンマ 他,ソフトバンク
コンピュータ・IT技術,マスタリングTCP/IP 入門編,竹下隆史 他,オーム社
コンピュータ・IT技術,マスタリングTCP/IP 情報セキュリティ編,齋藤孝道,オーム社
コンピュータ・IT技術,Arduinoをはじめよう 第3版,Massimo Banzi,オライリー
コンピュータ・IT技術,電子工作究極ガイド,三才ブックス編集部,三才ブックス
コンピュータ・IT技術,マイクロコンピュータの誕生,嶋正利,岩波書店
コンピュータ・IT技術,Software Design 総集編 2001-2012,Software Design編集部,技術評論社
物理・自然科学・農学,ファインマン物理学 1 力学,ファインマン,岩波書店
物理・自然科学・農学,ファインマン物理学 2 光・熱・波動,ファインマン,岩波書店
物理・自然科学・農学,ファインマン物理学 3 電磁気学,ファインマン,岩波書店
物理・自然科学・農学,樹木の葉 山溪ハンディ図鑑14,林将之,山と溪谷社
物理・自然科学・農学,樹に咲く花 山溪ハンディ図鑑3・4,畔上能力,山と溪谷社
物理・自然科学・農学,よくわかるイネの生理と栽培,渡部信男,農文協
物理・自然科学・農学,イネの作業便利帳,高島忠行,農文協
物理・自然科学・農学,万年の進化爆発,ジョナサン・B・ロソス,日経BP
物理・自然科学・農学,火星を駆ける,スティーヴ・スクワイアーズ,早川書房
文学・小説・教養,夏目漱石集（一）（二）,夏目漱石,講談社
文学・小説・教養,石川啄木集,石川啄木,講談社
文学・小説・教養,シルマリルの物語,J.R.R. トールキン,評論社
文学・小説・教養,庭仕事の愉しみ,ヘルマン・ヘッセ,草思社
文学・小説・教養,東京の人（一）〜（三）,川端康成,新潮文庫
文学・小説・教養,冬の花火,渡辺淳一,文春文庫
文学・小説・教養,トマシーナ,ポール・ギャリコ,創元推理文庫
文学・小説・教養,レ・ミゼラブル 百六景,鹿島茂,文春文庫
文学・小説・教養,キャリー,スティーヴン・キング,新潮文庫
文学・小説・教養,エンダーのゲーム,オースン・スコット・カード,ハヤカワ文庫
文学・小説・教養,プライベート・ライアン,マックス・アラン・コリンズ,新潮文庫
文学・小説・教養,坂の上の雲,司馬遼太郎,文藝春秋
文学・小説・教養,交渉術,佐藤優,文春文庫
文学・小説・教養,古代への情熱,シュリーマン,岩波文庫
文学・小説・教養,ロードス島攻防記,塩野七生,新潮文庫
コミックス,風の谷のナウシカ 全7巻セット,宮崎駿,徳間書店
コミックス,AKIRA 1〜6巻,大友克洋,講談社
コミックス,三国志 1〜4巻,横山光輝,潮漫画文庫
趣味・実用・自動車,ROADSTER WORLD,スタジオTACクリエイティブ,スタジオTACクリエイティブ
趣味・実用・自動車,Motor Fan illustrated シリーズ,三栄書房編集部,三栄書房
趣味・実用・自動車,営業バンが高速道路をぶっ飛ばす理由,國政久郎,三栄
趣味・実用・自動車,博士のエンジン手帖,畑村耕一,三栄
趣味・実用・自動車,戦争中の暮らしの記録,暮らしの手帖社,暮らしの手帖社
趣味・実用・自動車,山で暮らす 愉しみと基本の技術,大内正伸,立風書房
趣味・実用・自動車,DIY工作 木工家具入門,スタジオTACクリエイティブ,スタジオTACクリエイティブ
趣味・実用・自動車,ファウンテンペン！,萬年筆研究会,枻出版社
趣味・実用・自動車,剪定「コツ」の教科書,木下透,講談社
趣味・実用・自動車,葉っぱでおぼえる樹木 1・2,濱野周泰,柏書房